year_month,txn_year,txn_month,category,total_transactions,active_transacting_customers,total_amount,avg_transaction_amount,debit_count,credit_count,total_debit_amount,total_credit_amount
2018-01,2018,01,Education,1,1,786.94,786.94,1,0,786.94,0.0
2018-01,2018,01,Healthcare,1,1,69.25,69.25,1,0,69.25,0.0
2018-02,2018,02,Education,1,1,1162.33,1162.33,1,0,1162.33,0.0
2018-02,2018,02,Entertainment,2,2,171.55,85.78,2,0,171.55,0.0
2018-02,2018,02,Groceries,5,5,711.61,142.32,5,0,711.61,0.0
2018-02,2018,02,Healthcare,2,2,721.77,360.88,2,0,721.77,0.0
2018-02,2018,02,Shopping,2,2,446.61,223.31,2,0,446.61,0.0
2018-02,2018,02,Subscription,2,2,41.37,20.69,2,0,41.37,0.0
2018-02,2018,02,Transfer,1,1,1493.9,1493.9,1,0,1493.9,0.0
2018-02,2018,02,Travel,2,2,1464.44,732.22,2,0,1464.44,0.0
2018-02,2018,02,Utilities,1,1,141.7,141.7,1,0,141.7,0.0
2018-03,2018,03,Dining,1,1,82.95,82.95,1,0,82.95,0.0
2018-03,2018,03,Education,2,2,2427.96,1213.98,2,0,2427.96,0.0
2018-03,2018,03,Entertainment,1,1,61.7,61.7,1,0,61.7,0.0
2018-03,2018,03,Groceries,2,2,272.01,136.0,2,0,272.01,0.0
2018-03,2018,03,Healthcare,4,4,1497.2,374.3,4,0,1497.2,0.0
2018-03,2018,03,Shopping,2,2,616.22,308.11,2,0,616.22,0.0
2018-03,2018,03,Subscription,2,2,55.26,27.63,2,0,55.26,0.0
2018-03,2018,03,Transfer,4,4,3575.98,894.0,3,1,2980.13,595.85
2018-03,2018,03,Travel,2,2,900.4,450.2,2,0,900.4,0.0
2018-04,2018,04,Dining,3,3,210.56,70.19,3,0,210.56,0.0
2018-04,2018,04,Education,4,4,3578.83,894.71,4,0,3578.83,0.0
2018-04,2018,04,Entertainment,1,1,76.04,76.04,1,0,76.04,0.0
2018-04,2018,04,Groceries,3,3,514.04,171.35,3,0,514.04,0.0
2018-04,2018,04,Healthcare,1,1,49.87,49.87,1,0,49.87,0.0
2018-04,2018,04,Shopping,1,1,49.95,49.95,1,0,49.95,0.0
2018-04,2018,04,Subscription,3,3,117.6,39.2,3,0,117.6,0.0
2018-04,2018,04,Transfer,1,1,624.19,624.19,1,0,624.19,0.0
2018-04,2018,04,Travel,2,2,909.14,454.57,2,0,909.14,0.0
2018-04,2018,04,Utilities,2,2,535.72,267.86,2,0,535.72,0.0
2018-05,2018,05,Dining,3,3,175.78,58.59,3,0,175.78,0.0
2018-05,2018,05,Education,3,3,1742.13,580.71,3,0,1742.13,0.0
2018-05,2018,05,Entertainment,3,3,164.57,54.86,3,0,164.57,0.0
2018-05,2018,05,Groceries,5,5,888.91,177.78,5,0,888.91,0.0
2018-05,2018,05,Healthcare,3,3,1069.71,356.57,3,0,1069.71,0.0
2018-05,2018,05,Shopping,7,7,1380.81,197.26,7,0,1380.81,0.0
2018-05,2018,05,Subscription,4,4,122.85,30.71,4,0,122.85,0.0
2018-05,2018,05,Transfer,4,4,5396.28,1349.07,1,3,2123.71,3272.57
2018-05,2018,05,Travel,3,3,2511.08,837.03,3,0,2511.08,0.0
2018-05,2018,05,Utilities,2,2,452.41,226.2,2,0,452.41,0.0
2018-06,2018,06,Dining,3,3,81.32,27.11,3,0,81.32,0.0
2018-06,2018,06,Education,6,6,6471.16,1078.53,6,0,6471.16,0.0
2018-06,2018,06,Entertainment,4,4,639.12,159.78,4,0,639.12,0.0
2018-06,2018,06,Groceries,8,8,1157.33,144.67,8,0,1157.33,0.0
2018-06,2018,06,Healthcare,4,4,1563.3,390.82,4,0,1563.3,0.0
2018-06,2018,06,Shopping,5,5,956.8,191.36,5,0,956.8,0.0
2018-06,2018,06,Subscription,5,5,176.81,35.36,5,0,176.81,0.0
2018-06,2018,06,Transfer,4,4,2225.08,556.27,2,2,323.71,1901.37
2018-06,2018,06,Travel,6,6,2340.18,390.03,6,0,2340.18,0.0
2018-06,2018,06,Utilities,6,6,1123.08,187.18,6,0,1123.08,0.0
2018-07,2018,07,Dining,5,5,523.92,104.78,5,0,523.92,0.0
2018-07,2018,07,Education,3,3,4040.49,1346.83,3,0,4040.49,0.0
2018-07,2018,07,Entertainment,10,10,1219.82,121.98,10,0,1219.82,0.0
2018-07,2018,07,Groceries,4,4,509.27,127.32,4,0,509.27,0.0
2018-07,2018,07,Healthcare,9,9,2771.81,307.98,9,0,2771.81,0.0
2018-07,2018,07,Shopping,8,8,1859.07,232.38,8,0,1859.07,0.0
2018-07,2018,07,Subscription,4,4,74.86,18.71,4,0,74.86,0.0
2018-07,2018,07,Transfer,7,7,7448.9,1064.13,4,3,3614.23,3834.67
2018-07,2018,07,Travel,5,5,2379.49,475.9,5,0,2379.49,0.0
2018-07,2018,07,Utilities,6,6,1263.65,210.61,6,0,1263.65,0.0
2018-08,2018,08,Dining,6,6,548.64,91.44,6,0,548.64,0.0
2018-08,2018,08,Education,5,5,2830.09,566.02,5,0,2830.09,0.0
2018-08,2018,08,Entertainment,5,5,656.16,131.23,5,0,656.16,0.0
2018-08,2018,08,Groceries,9,9,1433.78,159.31,9,0,1433.78,0.0
2018-08,2018,08,Healthcare,9,9,2864.2,318.24,9,0,2864.2,0.0
2018-08,2018,08,Shopping,7,7,1426.73,203.82,7,0,1426.73,0.0
2018-08,2018,08,Subscription,7,7,237.64,33.95,7,0,237.64,0.0
2018-08,2018,08,Transfer,11,11,11560.87,1050.99,7,4,7919.86,3641.01
2018-08,2018,08,Travel,8,8,7243.25,905.41,8,0,7243.25,0.0
2018-08,2018,08,Utilities,7,7,1302.91,186.13,7,0,1302.91,0.0
2018-09,2018,09,Dining,9,9,680.98,75.66,9,0,680.98,0.0
2018-09,2018,09,Education,3,3,3569.36,1189.79,3,0,3569.36,0.0
2018-09,2018,09,Entertainment,5,5,758.17,151.63,5,0,758.17,0.0
2018-09,2018,09,Groceries,7,7,1180.43,168.63,7,0,1180.43,0.0
2018-09,2018,09,Healthcare,14,14,3850.04,275.0,14,0,3850.04,0.0
2018-09,2018,09,Shopping,8,8,1725.91,215.74,8,0,1725.91,0.0
2018-09,2018,09,Subscription,17,17,562.59,33.09,17,0,562.59,0.0
2018-09,2018,09,Transfer,3,3,3661.44,1220.48,2,1,3432.4,229.04
2018-09,2018,09,Travel,4,4,3104.02,776.0,4,0,3104.02,0.0
2018-09,2018,09,Utilities,6,6,895.92,149.32,6,0,895.92,0.0
2018-10,2018,10,Dining,10,9,1011.33,101.13,10,0,1011.33,0.0
2018-10,2018,10,Education,11,11,12438.6,1130.78,11,0,12438.6,0.0
2018-10,2018,10,Entertainment,10,10,1479.36,147.94,10,0,1479.36,0.0
2018-10,2018,10,Groceries,8,8,1235.28,154.41,8,0,1235.28,0.0
2018-10,2018,10,Healthcare,10,10,3027.28,302.73,10,0,3027.28,0.0
2018-10,2018,10,Shopping,11,10,2760.58,250.96,11,0,2760.58,0.0
2018-10,2018,10,Subscription,5,5,164.32,32.86,5,0,164.32,0.0
2018-10,2018,10,Transfer,6,6,9636.25,1606.04,6,0,9636.25,0.0
2018-10,2018,10,Travel,6,6,5111.27,851.88,6,0,5111.27,0.0
2018-10,2018,10,Utilities,10,10,1668.78,166.88,10,0,1668.78,0.0
2018-11,2018,11,Dining,7,7,743.85,106.26,7,0,743.85,0.0
2018-11,2018,11,Education,12,12,12225.09,1018.76,12,0,12225.09,0.0
2018-11,2018,11,Entertainment,7,7,788.71,112.67,7,0,788.71,0.0
2018-11,2018,11,Groceries,12,12,1756.11,146.34,12,0,1756.11,0.0
2018-11,2018,11,Healthcare,5,5,1219.78,243.96,5,0,1219.78,0.0
2018-11,2018,11,Shopping,8,8,1582.45,197.81,8,0,1582.45,0.0
2018-11,2018,11,Subscription,3,3,90.96,30.32,3,0,90.96,0.0
2018-11,2018,11,Transfer,5,5,6589.11,1317.82,4,1,5685.05,904.06
2018-11,2018,11,Travel,9,9,6527.02,725.22,9,0,6527.02,0.0
2018-11,2018,11,Utilities,13,13,2587.97,199.07,13,0,2587.97,0.0
2018-12,2018,12,Dining,8,8,836.78,104.6,8,0,836.78,0.0
2018-12,2018,12,Education,19,19,14920.61,785.3,19,0,14920.61,0.0
2018-12,2018,12,Entertainment,9,9,1285.25,142.81,9,0,1285.25,0.0
2018-12,2018,12,Groceries,8,8,1265.53,158.19,8,0,1265.53,0.0
2018-12,2018,12,Healthcare,7,7,1884.11,269.16,7,0,1884.11,0.0
2018-12,2018,12,Shopping,20,20,4697.38,234.87,20,0,4697.38,0.0
2018-12,2018,12,Subscription,7,7,215.48,30.78,7,0,215.48,0.0
2018-12,2018,12,Transfer,8,8,9678.45,1209.81,5,3,5046.14,4632.31
2018-12,2018,12,Travel,11,10,5688.63,517.15,11,0,5688.63,0.0
2018-12,2018,12,Utilities,14,14,3194.0,228.14,14,0,3194.0,0.0
2019-01,2019,01,Dining,11,11,907.32,82.48,11,0,907.32,0.0
2019-01,2019,01,Education,13,13,10130.83,779.29,13,0,10130.83,0.0
2019-01,2019,01,Entertainment,10,10,1401.36,140.14,10,0,1401.36,0.0
2019-01,2019,01,Groceries,7,7,1393.37,199.05,7,0,1393.37,0.0
2019-01,2019,01,Healthcare,21,21,7377.72,351.32,21,0,7377.72,0.0
2019-01,2019,01,Shopping,10,10,2267.5,226.75,10,0,2267.5,0.0
2019-01,2019,01,Subscription,15,15,450.49,30.03,15,0,450.49,0.0
2019-01,2019,01,Transfer,8,8,8002.22,1000.28,6,2,6095.18,1907.04
2019-01,2019,01,Travel,7,7,4293.88,613.41,7,0,4293.88,0.0
2019-01,2019,01,Utilities,15,15,2667.19,177.81,15,0,2667.19,0.0
2019-02,2019,02,Dining,12,12,1033.2,86.1,12,0,1033.2,0.0
2019-02,2019,02,Education,16,16,15687.54,980.47,16,0,15687.54,0.0
2019-02,2019,02,Entertainment,15,15,1631.97,108.8,15,0,1631.97,0.0
2019-02,2019,02,Groceries,10,10,2085.44,208.54,10,0,2085.44,0.0
2019-02,2019,02,Healthcare,13,13,3852.29,296.33,13,0,3852.29,0.0
2019-02,2019,02,Shopping,9,9,2758.76,306.53,9,0,2758.76,0.0
2019-02,2019,02,Subscription,21,21,637.97,30.38,21,0,637.97,0.0
2019-02,2019,02,Transfer,6,6,8402.81,1400.47,3,3,3029.95,5372.86
2019-02,2019,02,Travel,19,19,11454.93,602.89,19,0,11454.93,0.0
2019-02,2019,02,Utilities,13,13,2330.76,179.29,13,0,2330.76,0.0
2019-03,2019,03,Dining,14,14,1609.64,114.97,14,0,1609.64,0.0
2019-03,2019,03,Education,19,19,20024.21,1053.91,19,0,20024.21,0.0
2019-03,2019,03,Entertainment,13,13,1460.59,112.35,13,0,1460.59,0.0
2019-03,2019,03,Groceries,18,18,2791.25,155.07,18,0,2791.25,0.0
2019-03,2019,03,Healthcare,16,16,4895.09,305.94,16,0,4895.09,0.0
2019-03,2019,03,Shopping,12,12,2257.58,188.13,12,0,2257.58,0.0
2019-03,2019,03,Subscription,15,15,451.08,30.07,15,0,451.08,0.0
2019-03,2019,03,Transfer,13,13,16247.47,1249.81,9,4,10748.07,5499.4
2019-03,2019,03,Travel,15,15,10394.3,692.95,15,0,10394.3,0.0
2019-03,2019,03,Utilities,12,12,2224.7,185.39,12,0,2224.7,0.0
2019-04,2019,04,Dining,19,19,1741.14,91.64,19,0,1741.14,0.0
2019-04,2019,04,Education,13,13,11998.92,922.99,13,0,11998.92,0.0
2019-04,2019,04,Entertainment,11,11,1409.51,128.14,11,0,1409.51,0.0
2019-04,2019,04,Groceries,15,15,1993.92,132.93,15,0,1993.92,0.0
2019-04,2019,04,Healthcare,17,16,4772.3,280.72,17,0,4772.3,0.0
2019-04,2019,04,Shopping,20,20,4310.78,215.54,20,0,4310.78,0.0
2019-04,2019,04,Subscription,10,10,269.83,26.98,10,0,269.83,0.0
2019-04,2019,04,Transfer,14,13,13644.25,974.59,9,5,8328.68,5315.57
2019-04,2019,04,Travel,11,11,7506.86,682.44,11,0,7506.86,0.0
2019-04,2019,04,Utilities,21,21,4230.85,201.47,21,0,4230.85,0.0
2019-05,2019,05,Dining,16,16,1697.66,106.1,16,0,1697.66,0.0
2019-05,2019,05,Education,21,20,19682.17,937.25,21,0,19682.17,0.0
2019-05,2019,05,Entertainment,19,19,2270.2,119.48,19,0,2270.2,0.0
2019-05,2019,05,Groceries,20,20,3179.3,158.97,20,0,3179.3,0.0
2019-05,2019,05,Healthcare,11,11,3540.48,321.86,11,0,3540.48,0.0
2019-05,2019,05,Shopping,27,27,5893.21,218.27,27,0,5893.21,0.0
2019-05,2019,05,Subscription,12,12,433.43,36.12,12,0,433.43,0.0
2019-05,2019,05,Transfer,25,25,28090.12,1123.6,17,8,15849.97,12240.15
2019-05,2019,05,Travel,16,16,14741.44,921.34,16,0,14741.44,0.0
2019-05,2019,05,Utilities,14,14,2916.1,208.29,14,0,2916.1,0.0
2019-06,2019,06,Dining,23,23,2673.78,116.25,23,0,2673.78,0.0
2019-06,2019,06,Education,15,15,12468.32,831.22,15,0,12468.32,0.0
2019-06,2019,06,Entertainment,17,17,2548.88,149.93,17,0,2548.88,0.0
2019-06,2019,06,Groceries,13,13,2070.81,159.29,13,0,2070.81,0.0
2019-06,2019,06,Healthcare,17,17,4845.52,285.03,17,0,4845.52,0.0
2019-06,2019,06,Shopping,20,20,5018.56,250.93,20,0,5018.56,0.0
2019-06,2019,06,Subscription,23,23,673.75,29.29,23,0,673.75,0.0
2019-06,2019,06,Transfer,20,20,24454.99,1222.75,13,7,16161.99,8293.0
2019-06,2019,06,Travel,18,18,12486.23,693.68,18,0,12486.23,0.0
2019-06,2019,06,Utilities,13,13,2867.9,220.61,13,0,2867.9,0.0
2019-07,2019,07,Dining,16,16,1228.62,76.79,16,0,1228.62,0.0
2019-07,2019,07,Education,21,21,13450.1,640.48,21,0,13450.1,0.0
2019-07,2019,07,Entertainment,20,20,2388.75,119.44,20,0,2388.75,0.0
2019-07,2019,07,Groceries,21,21,2912.62,138.7,21,0,2912.62,0.0
2019-07,2019,07,Healthcare,22,22,6123.49,278.34,22,0,6123.49,0.0
2019-07,2019,07,Shopping,15,15,3196.12,213.07,15,0,3196.12,0.0
2019-07,2019,07,Subscription,14,14,391.31,27.95,14,0,391.31,0.0
2019-07,2019,07,Transfer,13,13,19512.43,1500.96,10,3,16117.12,3395.31
2019-07,2019,07,Travel,26,26,15281.92,587.77,26,0,15281.92,0.0
2019-07,2019,07,Utilities,27,27,4901.05,181.52,27,0,4901.05,0.0
2019-08,2019,08,Dining,24,24,2265.45,94.39,24,0,2265.45,0.0
2019-08,2019,08,Education,20,20,18631.18,931.56,20,0,18631.18,0.0
2019-08,2019,08,Entertainment,13,13,1805.8,138.91,13,0,1805.8,0.0
2019-08,2019,08,Groceries,14,14,1721.26,122.95,14,0,1721.26,0.0
2019-08,2019,08,Healthcare,13,13,4597.93,353.69,13,0,4597.93,0.0
2019-08,2019,08,Shopping,19,19,4011.7,211.14,19,0,4011.7,0.0
2019-08,2019,08,Subscription,19,19,485.47,25.55,19,0,485.47,0.0
2019-08,2019,08,Transfer,14,14,19310.43,1379.32,10,4,15194.65,4115.78
2019-08,2019,08,Travel,20,20,14016.5,700.83,20,0,14016.5,0.0
2019-08,2019,08,Utilities,12,12,2438.57,203.21,12,0,2438.57,0.0
2019-09,2019,09,Dining,17,17,1279.06,75.24,17,0,1279.06,0.0
2019-09,2019,09,Education,25,25,19944.21,797.77,25,0,19944.21,0.0
2019-09,2019,09,Entertainment,21,21,2873.4,136.83,21,0,2873.4,0.0
2019-09,2019,09,Groceries,19,19,2778.07,146.21,19,0,2778.07,0.0
2019-09,2019,09,Healthcare,32,32,9325.2,291.41,32,0,9325.2,0.0
2019-09,2019,09,Shopping,20,20,5384.5,269.23,20,0,5384.5,0.0
2019-09,2019,09,Subscription,13,13,391.05,30.08,13,0,391.05,0.0
2019-09,2019,09,Transfer,21,21,25429.03,1210.91,15,6,19521.56,5907.47
2019-09,2019,09,Travel,22,22,14109.71,641.35,22,0,14109.71,0.0
2019-09,2019,09,Utilities,21,21,3470.9,165.28,21,0,3470.9,0.0
2019-10,2019,10,Dining,19,19,1398.43,73.6,19,0,1398.43,0.0
2019-10,2019,10,Education,19,19,15473.93,814.42,19,0,15473.93,0.0
2019-10,2019,10,Entertainment,21,21,2402.56,114.41,21,0,2402.56,0.0
2019-10,2019,10,Groceries,20,20,2804.56,140.23,20,0,2804.56,0.0
2019-10,2019,10,Healthcare,28,28,6912.69,246.88,28,0,6912.69,0.0
2019-10,2019,10,Shopping,19,19,5215.31,274.49,19,0,5215.31,0.0
2019-10,2019,10,Subscription,15,15,474.95,31.66,15,0,474.95,0.0
2019-10,2019,10,Transfer,24,24,32522.88,1355.12,19,5,28352.63,4170.25
2019-10,2019,10,Travel,17,17,12070.44,710.03,17,0,12070.44,0.0
2019-10,2019,10,Utilities,29,29,5543.03,191.14,29,0,5543.03,0.0
2019-11,2019,11,Dining,25,25,2297.65,91.91,25,0,2297.65,0.0
2019-11,2019,11,Education,19,19,13788.74,725.72,19,0,13788.74,0.0
2019-11,2019,11,Entertainment,23,23,2244.03,97.57,23,0,2244.03,0.0
2019-11,2019,11,Groceries,28,28,3935.02,140.54,28,0,3935.02,0.0
2019-11,2019,11,Healthcare,23,23,7449.97,323.91,23,0,7449.97,0.0
2019-11,2019,11,Shopping,24,24,6675.52,278.15,24,0,6675.52,0.0
2019-11,2019,11,Subscription,24,24,832.08,34.67,24,0,832.08,0.0
2019-11,2019,11,Transfer,25,25,30753.33,1230.13,16,9,17084.61,13668.72
2019-11,2019,11,Travel,21,21,12941.29,616.25,21,0,12941.29,0.0
2019-11,2019,11,Utilities,27,27,5284.53,195.72,27,0,5284.53,0.0
2019-12,2019,12,Dining,20,20,1626.44,81.32,20,0,1626.44,0.0
2019-12,2019,12,Education,25,24,21331.87,853.27,25,0,21331.87,0.0
2019-12,2019,12,Entertainment,29,29,2947.51,101.64,29,0,2947.51,0.0
2019-12,2019,12,Groceries,19,19,2738.58,144.14,19,0,2738.58,0.0
2019-12,2019,12,Healthcare,31,31,9734.61,314.02,31,0,9734.61,0.0
2019-12,2019,12,Shopping,17,17,4241.47,249.5,17,0,4241.47,0.0
2019-12,2019,12,Subscription,32,32,942.48,29.45,32,0,942.48,0.0
2019-12,2019,12,Transfer,26,26,32845.81,1263.3,21,5,25729.94,7115.87
2019-12,2019,12,Travel,27,27,19306.16,715.04,27,0,19306.16,0.0
2019-12,2019,12,Utilities,27,27,4418.85,163.66,27,0,4418.85,0.0
2020-01,2020,01,Dining,25,25,2236.82,89.47,25,0,2236.82,0.0
2020-01,2020,01,Education,20,20,16581.64,829.08,20,0,16581.64,0.0
2020-01,2020,01,Entertainment,22,22,2512.15,114.19,22,0,2512.15,0.0
2020-01,2020,01,Groceries,24,24,3951.98,164.67,24,0,3951.98,0.0
2020-01,2020,01,Healthcare,31,31,9550.34,308.08,31,0,9550.34,0.0
2020-01,2020,01,Shopping,33,33,9198.4,278.74,33,0,9198.4,0.0
2020-01,2020,01,Subscription,31,31,858.74,27.7,31,0,858.74,0.0
2020-01,2020,01,Transfer,25,25,23061.18,922.45,19,6,18002.78,5058.4
2020-01,2020,01,Travel,30,30,24456.8,815.23,30,0,24456.8,0.0
2020-01,2020,01,Utilities,23,23,4146.63,180.29,23,0,4146.63,0.0
2020-02,2020,02,Dining,26,26,2250.39,86.55,26,0,2250.39,0.0
2020-02,2020,02,Education,36,36,28442.68,790.07,36,0,28442.68,0.0
2020-02,2020,02,Entertainment,28,28,3601.73,128.63,28,0,3601.73,0.0
2020-02,2020,02,Groceries,22,22,3300.92,150.04,22,0,3300.92,0.0
2020-02,2020,02,Healthcare,32,32,9839.0,307.47,32,0,9839.0,0.0
2020-02,2020,02,Shopping,24,24,5722.59,238.44,24,0,5722.59,0.0
2020-02,2020,02,Subscription,27,26,756.11,28.0,27,0,756.11,0.0
2020-02,2020,02,Transfer,25,25,26671.03,1066.84,17,8,18076.66,8594.37
2020-02,2020,02,Travel,17,17,14436.6,849.21,17,0,14436.6,0.0
2020-02,2020,02,Utilities,25,25,4875.8,195.03,25,0,4875.8,0.0
2020-03,2020,03,Dining,27,27,2577.04,95.45,27,0,2577.04,0.0
2020-03,2020,03,Education,42,41,34612.29,824.1,42,0,34612.29,0.0
2020-03,2020,03,Entertainment,32,32,4409.73,137.8,32,0,4409.73,0.0
2020-03,2020,03,Groceries,23,23,4070.07,176.96,23,0,4070.07,0.0
2020-03,2020,03,Healthcare,22,22,9236.35,419.83,22,0,9236.35,0.0
2020-03,2020,03,Shopping,30,30,7051.53,235.05,30,0,7051.53,0.0
2020-03,2020,03,Subscription,25,25,867.08,34.68,25,0,867.08,0.0
2020-03,2020,03,Transfer,27,27,27467.89,1017.33,20,7,19535.63,7932.26
2020-03,2020,03,Travel,46,46,33736.86,733.41,46,0,33736.86,0.0
2020-03,2020,03,Utilities,26,26,5227.41,201.05,26,0,5227.41,0.0
2020-04,2020,04,Dining,26,26,2486.63,95.64,26,0,2486.63,0.0
2020-04,2020,04,Education,28,28,23996.63,857.02,28,0,23996.63,0.0
2020-04,2020,04,Entertainment,40,40,5235.89,130.9,40,0,5235.89,0.0
2020-04,2020,04,Groceries,40,40,6329.63,158.24,40,0,6329.63,0.0
2020-04,2020,04,Healthcare,36,36,11601.74,322.27,36,0,11601.74,0.0
2020-04,2020,04,Shopping,28,28,7015.09,250.54,28,0,7015.09,0.0
2020-04,2020,04,Subscription,33,32,1031.45,31.26,33,0,1031.45,0.0
2020-04,2020,04,Transfer,27,27,31217.07,1156.19,21,6,25772.79,5444.28
2020-04,2020,04,Travel,26,26,19531.74,751.22,26,0,19531.74,0.0
2020-04,2020,04,Utilities,33,33,5746.12,174.12,33,0,5746.12,0.0
2020-05,2020,05,Dining,46,45,4808.55,104.53,46,0,4808.55,0.0
2020-05,2020,05,Education,29,29,26854.58,926.02,29,0,26854.58,0.0
2020-05,2020,05,Entertainment,27,27,3007.04,111.37,27,0,3007.04,0.0
2020-05,2020,05,Groceries,32,31,5060.3,158.13,32,0,5060.3,0.0
2020-05,2020,05,Healthcare,34,34,10247.38,301.39,34,0,10247.38,0.0
2020-05,2020,05,Shopping,44,44,9930.12,225.68,44,0,9930.12,0.0
2020-05,2020,05,Subscription,30,30,906.23,30.21,30,0,906.23,0.0
2020-05,2020,05,Transfer,26,26,28824.07,1108.62,17,9,19580.6,9243.47
2020-05,2020,05,Travel,36,36,26168.56,726.9,36,0,26168.56,0.0
2020-05,2020,05,Utilities,34,34,7028.22,206.71,34,0,7028.22,0.0
2020-06,2020,06,Dining,33,33,2664.34,80.74,33,0,2664.34,0.0
2020-06,2020,06,Education,30,30,19034.64,634.49,30,0,19034.64,0.0
2020-06,2020,06,Entertainment,36,36,4656.06,129.34,36,0,4656.06,0.0
2020-06,2020,06,Groceries,21,21,3202.94,152.52,21,0,3202.94,0.0
2020-06,2020,06,Healthcare,30,30,9345.08,311.5,30,0,9345.08,0.0
2020-06,2020,06,Shopping,34,34,8047.8,236.7,34,0,8047.8,0.0
2020-06,2020,06,Subscription,33,32,1063.08,32.21,33,0,1063.08,0.0
2020-06,2020,06,Transfer,32,32,36435.42,1138.61,21,11,22849.43,13585.99
2020-06,2020,06,Travel,27,27,21678.15,802.89,27,0,21678.15,0.0
2020-06,2020,06,Utilities,40,40,6591.88,164.8,40,0,6591.88,0.0
2020-07,2020,07,Dining,28,28,2573.48,91.91,28,0,2573.48,0.0
2020-07,2020,07,Education,33,33,28732.92,870.69,33,0,28732.92,0.0
2020-07,2020,07,Entertainment,35,35,4257.79,121.65,35,0,4257.79,0.0
2020-07,2020,07,Groceries,37,37,5965.38,161.23,37,0,5965.38,0.0
2020-07,2020,07,Healthcare,35,35,10207.1,291.63,35,0,10207.1,0.0
2020-07,2020,07,Shopping,38,38,8198.24,215.74,38,0,8198.24,0.0
2020-07,2020,07,Subscription,37,36,1092.66,29.53,37,0,1092.66,0.0
2020-07,2020,07,Transfer,35,35,41306.23,1180.18,28,7,35112.71,6193.52
2020-07,2020,07,Travel,34,34,24450.32,719.13,34,0,24450.32,0.0
2020-07,2020,07,Utilities,41,40,6853.77,167.17,41,0,6853.77,0.0
2020-08,2020,08,Dining,39,39,3725.11,95.52,39,0,3725.11,0.0
2020-08,2020,08,Education,33,33,30067.07,911.12,33,0,30067.07,0.0
2020-08,2020,08,Entertainment,47,47,5304.65,112.86,47,0,5304.65,0.0
2020-08,2020,08,Groceries,40,39,6322.58,158.06,40,0,6322.58,0.0
2020-08,2020,08,Healthcare,29,29,8614.36,297.05,29,0,8614.36,0.0
2020-08,2020,08,Shopping,31,31,7097.12,228.94,31,0,7097.12,0.0
2020-08,2020,08,Subscription,36,36,1030.84,28.63,36,0,1030.84,0.0
2020-08,2020,08,Transfer,36,36,40279.71,1118.88,22,14,25393.88,14885.83
2020-08,2020,08,Travel,49,49,37827.99,772.0,49,0,37827.99,0.0
2020-08,2020,08,Utilities,45,45,8067.92,179.29,45,0,8067.92,0.0
2020-09,2020,09,Dining,39,39,3269.92,83.84,39,0,3269.92,0.0
2020-09,2020,09,Education,42,42,37293.26,887.93,42,0,37293.26,0.0
2020-09,2020,09,Entertainment,39,39,4555.75,116.81,39,0,4555.75,0.0
2020-09,2020,09,Groceries,47,47,7042.05,149.83,47,0,7042.05,0.0
2020-09,2020,09,Healthcare,29,28,8416.64,290.23,29,0,8416.64,0.0
2020-09,2020,09,Shopping,33,33,8202.61,248.56,33,0,8202.61,0.0
2020-09,2020,09,Subscription,38,38,1219.66,32.1,38,0,1219.66,0.0
2020-09,2020,09,Transfer,29,29,29811.14,1027.97,20,9,23122.51,6688.63
2020-09,2020,09,Travel,37,37,25194.14,680.92,37,0,25194.14,0.0
2020-09,2020,09,Utilities,42,42,8172.48,194.58,42,0,8172.48,0.0
2020-10,2020,10,Dining,43,43,4456.22,103.63,43,0,4456.22,0.0
2020-10,2020,10,Education,37,37,37723.39,1019.55,37,0,37723.39,0.0
2020-10,2020,10,Entertainment,31,31,3579.15,115.46,31,0,3579.15,0.0
2020-10,2020,10,Groceries,28,28,3954.35,141.23,28,0,3954.35,0.0
2020-10,2020,10,Healthcare,34,34,10576.1,311.06,34,0,10576.1,0.0
2020-10,2020,10,Shopping,31,31,7737.47,249.6,31,0,7737.47,0.0
2020-10,2020,10,Subscription,26,26,871.01,33.5,26,0,871.01,0.0
2020-10,2020,10,Transfer,30,29,36224.05,1207.47,22,8,27618.65,8605.4
2020-10,2020,10,Travel,36,36,24036.16,667.67,36,0,24036.16,0.0
2020-10,2020,10,Utilities,41,41,7780.44,189.77,41,0,7780.44,0.0
2020-11,2020,11,Dining,38,38,3673.66,96.68,38,0,3673.66,0.0
2020-11,2020,11,Education,43,43,39610.08,921.16,43,0,39610.08,0.0
2020-11,2020,11,Entertainment,31,31,3402.46,109.76,31,0,3402.46,0.0
2020-11,2020,11,Groceries,33,33,5708.13,172.97,33,0,5708.13,0.0
2020-11,2020,11,Healthcare,38,38,11188.18,294.43,38,0,11188.18,0.0
2020-11,2020,11,Shopping,35,35,8254.0,235.83,35,0,8254.0,0.0
2020-11,2020,11,Subscription,34,34,1043.56,30.69,34,0,1043.56,0.0
2020-11,2020,11,Transfer,43,43,51556.37,1198.99,30,13,34957.49,16598.88
2020-11,2020,11,Travel,41,41,26568.46,648.01,41,0,26568.46,0.0
2020-11,2020,11,Utilities,45,45,7702.97,171.18,45,0,7702.97,0.0
2020-12,2020,12,Dining,41,41,3775.48,92.08,41,0,3775.48,0.0
2020-12,2020,12,Education,44,42,34768.36,790.19,44,0,34768.36,0.0
2020-12,2020,12,Entertainment,36,36,4605.42,127.93,36,0,4605.42,0.0
2020-12,2020,12,Groceries,40,40,4824.07,120.6,40,0,4824.07,0.0
2020-12,2020,12,Healthcare,38,38,12641.65,332.68,38,0,12641.65,0.0
2020-12,2020,12,Shopping,45,45,10373.01,230.51,45,0,10373.01,0.0
2020-12,2020,12,Subscription,46,45,1506.13,32.74,46,0,1506.13,0.0
2020-12,2020,12,Transfer,45,45,50813.45,1129.19,31,14,36316.9,14496.55
2020-12,2020,12,Travel,39,39,32255.33,827.06,39,0,32255.33,0.0
2020-12,2020,12,Utilities,41,41,6936.98,169.19,41,0,6936.98,0.0
2021-01,2021,01,Dining,40,40,4074.27,101.86,40,0,4074.27,0.0
2021-01,2021,01,Education,51,51,51316.45,1006.2,51,0,51316.45,0.0
2021-01,2021,01,Entertainment,63,62,6793.9,107.84,63,0,6793.9,0.0
2021-01,2021,01,Groceries,41,41,5914.56,144.26,41,0,5914.56,0.0
2021-01,2021,01,Healthcare,49,49,16750.41,341.85,49,0,16750.41,0.0
2021-01,2021,01,Shopping,42,42,10168.3,242.1,42,0,10168.3,0.0
2021-01,2021,01,Subscription,39,39,1223.34,31.37,39,0,1223.34,0.0
2021-01,2021,01,Transfer,50,50,64875.8,1297.52,37,13,48793.1,16082.7
2021-01,2021,01,Travel,41,41,31610.64,770.99,41,0,31610.64,0.0
2021-01,2021,01,Utilities,38,38,7005.54,184.36,38,0,7005.54,0.0
2021-02,2021,02,Dining,39,38,3473.28,89.06,39,0,3473.28,0.0
2021-02,2021,02,Education,32,32,27813.97,869.19,32,0,27813.97,0.0
2021-02,2021,02,Entertainment,40,38,5099.83,127.5,40,0,5099.83,0.0
2021-02,2021,02,Groceries,26,26,4233.76,162.84,26,0,4233.76,0.0
2021-02,2021,02,Healthcare,36,36,9591.84,266.44,36,0,9591.84,0.0
2021-02,2021,02,Shopping,35,35,9258.06,264.52,35,0,9258.06,0.0
2021-02,2021,02,Subscription,41,41,1266.12,30.88,41,0,1266.12,0.0
2021-02,2021,02,Transfer,43,43,44400.34,1032.57,33,10,35156.63,9243.71
2021-02,2021,02,Travel,44,44,34062.41,774.15,44,0,34062.41,0.0
2021-02,2021,02,Utilities,48,48,8929.36,186.03,48,0,8929.36,0.0
2021-03,2021,03,Dining,46,46,4514.68,98.15,46,0,4514.68,0.0
2021-03,2021,03,Education,46,46,36664.13,797.05,46,0,36664.13,0.0
2021-03,2021,03,Entertainment,47,47,5386.84,114.61,47,0,5386.84,0.0
2021-03,2021,03,Groceries,50,50,7580.2,151.6,50,0,7580.2,0.0
2021-03,2021,03,Healthcare,48,48,14615.85,304.5,48,0,14615.85,0.0
2021-03,2021,03,Shopping,46,45,10555.34,229.46,46,0,10555.34,0.0
2021-03,2021,03,Subscription,50,50,1551.29,31.03,50,0,1551.29,0.0
2021-03,2021,03,Transfer,56,56,67107.31,1198.34,39,17,45700.59,21406.72
2021-03,2021,03,Travel,34,34,21083.21,620.09,34,0,21083.21,0.0
2021-03,2021,03,Utilities,47,46,8648.73,184.02,47,0,8648.73,0.0
2021-04,2021,04,Dining,32,31,2470.28,77.2,32,0,2470.28,0.0
2021-04,2021,04,Education,51,51,38408.24,753.1,51,0,38408.24,0.0
2021-04,2021,04,Entertainment,46,46,4911.45,106.77,46,0,4911.45,0.0
2021-04,2021,04,Groceries,40,40,5260.41,131.51,40,0,5260.41,0.0
2021-04,2021,04,Healthcare,46,46,13589.92,295.43,46,0,13589.92,0.0
2021-04,2021,04,Shopping,40,40,10230.41,255.76,40,0,10230.41,0.0
2021-04,2021,04,Subscription,44,43,1129.74,25.68,44,0,1129.74,0.0
2021-04,2021,04,Transfer,59,59,71572.07,1213.09,43,16,51093.21,20478.86
2021-04,2021,04,Travel,46,46,32728.84,711.5,46,0,32728.84,0.0
2021-04,2021,04,Utilities,48,48,8659.25,180.4,48,0,8659.25,0.0
2021-05,2021,05,Dining,43,43,3757.09,87.37,43,0,3757.09,0.0
2021-05,2021,05,Education,49,48,41137.56,839.54,49,0,41137.56,0.0
2021-05,2021,05,Entertainment,49,49,6416.7,130.95,49,0,6416.7,0.0
2021-05,2021,05,Groceries,36,36,5730.43,159.18,36,0,5730.43,0.0
2021-05,2021,05,Healthcare,45,45,14176.55,315.03,45,0,14176.55,0.0
2021-05,2021,05,Shopping,46,46,11020.83,239.58,46,0,11020.83,0.0
2021-05,2021,05,Subscription,61,61,2078.93,34.08,61,0,2078.93,0.0
2021-05,2021,05,Transfer,40,40,51445.25,1286.13,24,16,31047.61,20397.64
2021-05,2021,05,Travel,42,42,29388.61,699.73,42,0,29388.61,0.0
2021-05,2021,05,Utilities,54,54,10427.51,193.1,54,0,10427.51,0.0
2021-06,2021,06,Dining,57,57,4990.68,87.56,57,0,4990.68,0.0
2021-06,2021,06,Education,48,48,43219.83,900.41,48,0,43219.83,0.0
2021-06,2021,06,Entertainment,47,47,4651.54,98.97,47,0,4651.54,0.0
2021-06,2021,06,Groceries,60,60,9345.9,155.76,60,0,9345.9,0.0
2021-06,2021,06,Healthcare,47,47,11427.27,243.13,47,0,11427.27,0.0
2021-06,2021,06,Shopping,47,47,11309.22,240.62,47,0,11309.22,0.0
2021-06,2021,06,Subscription,43,43,1334.14,31.03,43,0,1334.14,0.0
2021-06,2021,06,Transfer,44,43,47232.53,1073.47,31,13,31677.27,15555.26
2021-06,2021,06,Travel,38,38,28490.51,749.75,38,0,28490.51,0.0
2021-06,2021,06,Utilities,47,47,10190.35,216.82,47,0,10190.35,0.0
2021-07,2021,07,Dining,39,39,3265.03,83.72,39,0,3265.03,0.0
2021-07,2021,07,Education,59,59,47976.42,813.16,59,0,47976.42,0.0
2021-07,2021,07,Entertainment,45,44,5382.14,119.6,45,0,5382.14,0.0
2021-07,2021,07,Groceries,50,50,7633.92,152.68,50,0,7633.92,0.0
2021-07,2021,07,Healthcare,59,59,15445.98,261.8,59,0,15445.98,0.0
2021-07,2021,07,Shopping,64,64,15400.96,240.64,64,0,15400.96,0.0
2021-07,2021,07,Subscription,42,42,1238.56,29.49,42,0,1238.56,0.0
2021-07,2021,07,Transfer,51,51,60472.68,1185.74,38,13,47979.99,12492.69
2021-07,2021,07,Travel,59,58,40961.78,694.27,59,0,40961.78,0.0
2021-07,2021,07,Utilities,58,58,10382.85,179.01,58,0,10382.85,0.0
2021-08,2021,08,Dining,68,68,5776.0,84.94,68,0,5776.0,0.0
2021-08,2021,08,Education,52,52,44316.96,852.25,52,0,44316.96,0.0
2021-08,2021,08,Entertainment,59,58,6167.89,104.54,59,0,6167.89,0.0
2021-08,2021,08,Groceries,75,75,11573.22,154.31,75,0,11573.22,0.0
2021-08,2021,08,Healthcare,72,72,22896.32,318.0,72,0,22896.32,0.0
2021-08,2021,08,Shopping,46,46,10671.2,231.98,46,0,10671.2,0.0
2021-08,2021,08,Subscription,52,51,1642.41,31.58,52,0,1642.41,0.0
2021-08,2021,08,Transfer,50,50,63535.86,1270.72,35,15,47958.07,15577.79
2021-08,2021,08,Travel,44,43,32038.28,728.14,44,0,32038.28,0.0
2021-08,2021,08,Utilities,55,55,11614.17,211.17,55,0,11614.17,0.0
2021-09,2021,09,Dining,61,61,6116.96,100.28,61,0,6116.96,0.0
2021-09,2021,09,Education,53,53,35730.75,674.17,53,0,35730.75,0.0
2021-09,2021,09,Entertainment,60,60,7029.53,117.16,60,0,7029.53,0.0
2021-09,2021,09,Groceries,69,69,10867.74,157.5,69,0,10867.74,0.0
2021-09,2021,09,Healthcare,49,49,13225.49,269.91,49,0,13225.49,0.0
2021-09,2021,09,Shopping,57,57,11975.47,210.1,57,0,11975.47,0.0
2021-09,2021,09,Subscription,57,57,1784.95,31.31,57,0,1784.95,0.0
2021-09,2021,09,Transfer,59,59,60721.97,1029.19,38,21,42528.32,18193.65
2021-09,2021,09,Travel,56,56,41532.83,741.66,56,0,41532.83,0.0
2021-09,2021,09,Utilities,54,54,11453.21,212.1,54,0,11453.21,0.0
2021-10,2021,10,Dining,64,64,6869.87,107.34,64,0,6869.87,0.0
2021-10,2021,10,Education,64,64,58794.82,918.67,64,0,58794.82,0.0
2021-10,2021,10,Entertainment,67,67,7628.81,113.86,67,0,7628.81,0.0
2021-10,2021,10,Groceries,55,55,7576.67,137.76,55,0,7576.67,0.0
2021-10,2021,10,Healthcare,63,63,19244.31,305.47,63,0,19244.31,0.0
2021-10,2021,10,Shopping,59,59,14145.13,239.75,59,0,14145.13,0.0
2021-10,2021,10,Subscription,53,53,1777.25,33.53,53,0,1777.25,0.0
2021-10,2021,10,Transfer,58,57,69454.24,1197.49,41,17,47078.76,22375.48
2021-10,2021,10,Travel,58,57,43878.08,756.52,58,0,43878.08,0.0
2021-10,2021,10,Utilities,55,55,11292.86,205.32,55,0,11292.86,0.0
2021-11,2021,11,Dining,49,49,4561.4,93.09,49,0,4561.4,0.0
2021-11,2021,11,Education,75,75,72710.63,969.48,75,0,72710.63,0.0
2021-11,2021,11,Entertainment,55,55,6307.17,114.68,55,0,6307.17,0.0
2021-11,2021,11,Groceries,64,63,9076.67,141.82,64,0,9076.67,0.0
2021-11,2021,11,Healthcare,58,58,18895.59,325.79,58,0,18895.59,0.0
2021-11,2021,11,Shopping,78,78,18922.91,242.6,78,0,18922.91,0.0
2021-11,2021,11,Subscription,65,65,2064.72,31.76,65,0,2064.72,0.0
2021-11,2021,11,Transfer,54,54,61075.1,1131.02,35,19,40233.3,20841.8
2021-11,2021,11,Travel,62,60,46223.61,745.54,62,0,46223.61,0.0
2021-11,2021,11,Utilities,58,58,10183.81,175.58,58,0,10183.81,0.0
2021-12,2021,12,Dining,65,64,6621.8,101.87,65,0,6621.8,0.0
2021-12,2021,12,Education,67,67,51999.31,776.11,67,0,51999.31,0.0
2021-12,2021,12,Entertainment,58,58,7471.35,128.82,58,0,7471.35,0.0
2021-12,2021,12,Groceries,72,72,11143.12,154.77,72,0,11143.12,0.0
2021-12,2021,12,Healthcare,59,59,17332.6,293.77,59,0,17332.6,0.0
2021-12,2021,12,Shopping,60,60,13714.82,228.58,60,0,13714.82,0.0
2021-12,2021,12,Subscription,65,64,1992.17,30.65,65,0,1992.17,0.0
2021-12,2021,12,Transfer,61,61,61210.0,1003.44,45,16,47986.66,13223.34
2021-12,2021,12,Travel,67,67,47867.95,714.45,67,0,47867.95,0.0
2021-12,2021,12,Utilities,50,50,10094.45,201.89,50,0,10094.45,0.0
2022-01,2022,01,Dining,64,63,5602.87,87.54,64,0,5602.87,0.0
2022-01,2022,01,Education,78,78,76085.8,975.46,78,0,76085.8,0.0
2022-01,2022,01,Entertainment,76,76,8632.04,113.58,76,0,8632.04,0.0
2022-01,2022,01,Groceries,62,61,8659.57,139.67,62,0,8659.57,0.0
2022-01,2022,01,Healthcare,57,55,18086.97,317.32,57,0,18086.97,0.0
2022-01,2022,01,Shopping,71,71,15244.2,214.71,71,0,15244.2,0.0
2022-01,2022,01,Subscription,60,60,2033.35,33.89,60,0,2033.35,0.0
2022-01,2022,01,Transfer,63,63,76645.07,1216.59,53,10,63382.69,13262.38
2022-01,2022,01,Travel,74,74,53232.91,719.36,74,0,53232.91,0.0
2022-01,2022,01,Utilities,67,67,12388.81,184.91,67,0,12388.81,0.0
2022-02,2022,02,Dining,59,58,5250.34,88.99,59,0,5250.34,0.0
2022-02,2022,02,Education,46,46,45103.06,980.5,46,0,45103.06,0.0
2022-02,2022,02,Entertainment,63,63,7593.93,120.54,63,0,7593.93,0.0
2022-02,2022,02,Groceries,63,63,8910.83,141.44,63,0,8910.83,0.0
2022-02,2022,02,Healthcare,63,63,16975.34,269.45,63,0,16975.34,0.0
2022-02,2022,02,Shopping,63,63,15023.85,238.47,63,0,15023.85,0.0
2022-02,2022,02,Subscription,59,59,1770.69,30.01,59,0,1770.69,0.0
2022-02,2022,02,Transfer,59,58,74939.44,1270.16,45,14,60324.45,14614.99
2022-02,2022,02,Travel,48,48,33987.28,708.07,48,0,33987.28,0.0
2022-02,2022,02,Utilities,55,55,9364.92,170.27,55,0,9364.92,0.0
2022-03,2022,03,Dining,62,62,6104.18,98.45,62,0,6104.18,0.0
2022-03,2022,03,Education,80,80,64148.04,801.85,80,0,64148.04,0.0
2022-03,2022,03,Entertainment,61,61,7236.51,118.63,61,0,7236.51,0.0
2022-03,2022,03,Groceries,64,64,9860.47,154.07,64,0,9860.47,0.0
2022-03,2022,03,Healthcare,58,58,16293.85,280.93,58,0,16293.85,0.0
2022-03,2022,03,Shopping,65,65,14485.21,222.85,65,0,14485.21,0.0
2022-03,2022,03,Subscription,74,73,2279.57,30.81,74,0,2279.57,0.0
2022-03,2022,03,Transfer,60,60,65248.93,1087.48,45,15,48840.29,16408.64
2022-03,2022,03,Travel,83,83,56750.51,683.74,83,0,56750.51,0.0
2022-03,2022,03,Utilities,68,68,12228.09,179.82,68,0,12228.09,0.0
2022-04,2022,04,Dining,56,56,5137.62,91.74,56,0,5137.62,0.0
2022-04,2022,04,Education,61,60,48536.82,795.69,61,0,48536.82,0.0
2022-04,2022,04,Entertainment,70,70,7618.47,108.84,70,0,7618.47,0.0
2022-04,2022,04,Groceries,75,75,11067.03,147.56,75,0,11067.03,0.0
2022-04,2022,04,Healthcare,60,60,16798.24,279.97,60,0,16798.24,0.0
2022-04,2022,04,Shopping,74,74,17557.2,237.26,74,0,17557.2,0.0
2022-04,2022,04,Subscription,73,73,2190.94,30.01,73,0,2190.94,0.0
2022-04,2022,04,Transfer,73,73,72234.17,989.51,52,21,50305.69,21928.48
2022-04,2022,04,Travel,67,66,51098.73,762.67,67,0,51098.73,0.0
2022-04,2022,04,Utilities,72,72,13766.79,191.21,72,0,13766.79,0.0
2022-05,2022,05,Dining,74,74,7706.6,104.14,74,0,7706.6,0.0
2022-05,2022,05,Education,73,73,57508.68,787.79,73,0,57508.68,0.0
2022-05,2022,05,Entertainment,84,83,9540.1,113.57,84,0,9540.1,0.0
2022-05,2022,05,Groceries,60,60,8346.07,139.1,60,0,8346.07,0.0
2022-05,2022,05,Healthcare,90,90,24578.28,273.09,90,0,24578.28,0.0
2022-05,2022,05,Shopping,56,56,12987.63,231.92,56,0,12987.63,0.0
2022-05,2022,05,Subscription,80,78,2317.73,28.97,80,0,2317.73,0.0
2022-05,2022,05,Transfer,77,77,87465.41,1135.91,53,24,59637.48,27827.93
2022-05,2022,05,Travel,83,83,63232.57,761.84,83,0,63232.57,0.0
2022-05,2022,05,Utilities,74,73,11917.96,161.05,74,0,11917.96,0.0
2022-06,2022,06,Dining,78,78,6872.45,88.11,78,0,6872.45,0.0
2022-06,2022,06,Education,57,57,54135.18,949.74,57,0,54135.18,0.0
2022-06,2022,06,Entertainment,86,83,10266.35,119.38,86,0,10266.35,0.0
2022-06,2022,06,Groceries,76,76,11804.35,155.32,76,0,11804.35,0.0
2022-06,2022,06,Healthcare,60,60,17636.28,293.94,60,0,17636.28,0.0
2022-06,2022,06,Shopping,68,68,16087.67,236.58,68,0,16087.67,0.0
2022-06,2022,06,Subscription,73,73,2116.92,29.0,73,0,2116.92,0.0
2022-06,2022,06,Transfer,84,84,95714.3,1139.46,57,27,65119.85,30594.45
2022-06,2022,06,Travel,77,77,59559.65,773.5,77,0,59559.65,0.0
2022-06,2022,06,Utilities,76,75,14306.31,188.24,76,0,14306.31,0.0
2022-07,2022,07,Dining,58,57,5001.13,86.23,58,0,5001.13,0.0
2022-07,2022,07,Education,76,76,54379.83,715.52,76,0,54379.83,0.0
2022-07,2022,07,Entertainment,83,83,9753.75,117.52,83,0,9753.75,0.0
2022-07,2022,07,Groceries,69,68,9853.79,142.81,69,0,9853.79,0.0
2022-07,2022,07,Healthcare,66,66,20312.92,307.77,66,0,20312.92,0.0
2022-07,2022,07,Shopping,73,72,17942.14,245.78,73,0,17942.14,0.0
2022-07,2022,07,Subscription,88,88,2885.05,32.78,88,0,2885.05,0.0
2022-07,2022,07,Transfer,62,62,71894.16,1159.58,48,14,55791.65,16102.51
2022-07,2022,07,Travel,74,74,52281.51,706.51,74,0,52281.51,0.0
2022-07,2022,07,Utilities,71,71,11956.32,168.4,71,0,11956.32,0.0
2022-08,2022,08,Dining,88,87,8449.17,96.01,88,0,8449.17,0.0
2022-08,2022,08,Education,79,78,67475.55,854.12,79,0,67475.55,0.0
2022-08,2022,08,Entertainment,71,71,9130.28,128.6,71,0,9130.28,0.0
2022-08,2022,08,Groceries,83,81,13280.76,160.01,83,0,13280.76,0.0
2022-08,2022,08,Healthcare,85,85,25271.28,297.31,85,0,25271.28,0.0
2022-08,2022,08,Shopping,72,72,17806.97,247.32,72,0,17806.97,0.0
2022-08,2022,08,Subscription,72,72,2098.34,29.14,72,0,2098.34,0.0
2022-08,2022,08,Transfer,68,68,84396.95,1241.13,48,20,57331.98,27064.97
2022-08,2022,08,Travel,82,82,63188.68,770.59,82,0,63188.68,0.0
2022-08,2022,08,Utilities,71,70,12944.07,182.31,71,0,12944.07,0.0
2022-09,2022,09,Dining,85,85,7806.23,91.84,85,0,7806.23,0.0
2022-09,2022,09,Education,70,70,61175.9,873.94,70,0,61175.9,0.0
2022-09,2022,09,Entertainment,76,76,9421.48,123.97,76,0,9421.48,0.0
2022-09,2022,09,Groceries,72,72,10402.41,144.48,72,0,10402.41,0.0
2022-09,2022,09,Healthcare,85,85,27441.43,322.84,85,0,27441.43,0.0
2022-09,2022,09,Shopping,75,73,16999.43,226.66,75,0,16999.43,0.0
2022-09,2022,09,Subscription,74,73,2213.04,29.91,74,0,2213.04,0.0
2022-09,2022,09,Transfer,78,77,91849.7,1177.56,60,18,70337.5,21512.2
2022-09,2022,09,Travel,76,75,55977.91,736.55,76,0,55977.91,0.0
2022-09,2022,09,Utilities,73,71,14266.47,195.43,73,0,14266.47,0.0
2022-10,2022,10,Dining,79,79,7061.69,89.39,79,0,7061.69,0.0
2022-10,2022,10,Education,80,78,70538.49,881.73,80,0,70538.49,0.0
2022-10,2022,10,Entertainment,96,96,11964.56,124.63,96,0,11964.56,0.0
2022-10,2022,10,Groceries,95,95,13675.54,143.95,95,0,13675.54,0.0
2022-10,2022,10,Healthcare,105,104,31325.29,298.34,105,0,31325.29,0.0
2022-10,2022,10,Shopping,87,87,23318.61,268.03,87,0,23318.61,0.0
2022-10,2022,10,Subscription,75,75,2281.17,30.42,75,0,2281.17,0.0
2022-10,2022,10,Transfer,64,64,65276.71,1019.95,47,17,47134.31,18142.4
2022-10,2022,10,Travel,90,90,63276.09,703.07,90,0,63276.09,0.0
2022-10,2022,10,Utilities,75,75,14530.3,193.74,75,0,14530.3,0.0
2022-11,2022,11,Dining,100,99,8883.29,88.83,100,0,8883.29,0.0
2022-11,2022,11,Education,88,87,74204.87,843.24,88,0,74204.87,0.0
2022-11,2022,11,Entertainment,79,79,8513.01,107.76,79,0,8513.01,0.0
2022-11,2022,11,Groceries,79,79,13499.04,170.87,79,0,13499.04,0.0
2022-11,2022,11,Healthcare,80,80,22501.72,281.27,80,0,22501.72,0.0
2022-11,2022,11,Shopping,93,92,23175.71,249.2,93,0,23175.71,0.0
2022-11,2022,11,Subscription,67,67,1948.56,29.08,67,0,1948.56,0.0
2022-11,2022,11,Transfer,88,88,106790.57,1213.53,57,31,68703.18,38087.39
2022-11,2022,11,Travel,86,86,66777.26,776.48,86,0,66777.26,0.0
2022-11,2022,11,Utilities,78,78,15493.37,198.63,78,0,15493.37,0.0
2022-12,2022,12,Dining,74,74,6973.22,94.23,74,0,6973.22,0.0
2022-12,2022,12,Education,97,96,77618.07,800.19,97,0,77618.07,0.0
2022-12,2022,12,Entertainment,82,82,10119.27,123.41,82,0,10119.27,0.0
2022-12,2022,12,Groceries,95,94,14330.68,150.85,95,0,14330.68,0.0
2022-12,2022,12,Healthcare,94,93,25542.9,271.73,94,0,25542.9,0.0
2022-12,2022,12,Shopping,95,95,23123.24,243.4,95,0,23123.24,0.0
2022-12,2022,12,Subscription,83,83,2776.11,33.45,83,0,2776.11,0.0
2022-12,2022,12,Transfer,91,91,99702.37,1095.63,57,34,66701.57,33000.8
2022-12,2022,12,Travel,86,86,56514.04,657.14,86,0,56514.04,0.0
2022-12,2022,12,Utilities,106,106,20389.03,192.35,106,0,20389.03,0.0
2023-01,2023,01,Dining,89,89,7227.33,81.21,89,0,7227.33,0.0
2023-01,2023,01,Education,97,97,84518.43,871.32,97,0,84518.43,0.0
2023-01,2023,01,Entertainment,81,81,9093.62,112.27,81,0,9093.62,0.0
2023-01,2023,01,Groceries,92,92,13192.94,143.4,92,0,13192.94,0.0
2023-01,2023,01,Healthcare,95,93,28802.67,303.19,95,0,28802.67,0.0
2023-01,2023,01,Shopping,79,79,20689.82,261.9,79,0,20689.82,0.0
2023-01,2023,01,Subscription,81,79,2380.44,29.39,81,0,2380.44,0.0
2023-01,2023,01,Transfer,105,103,109781.14,1045.53,73,32,75986.89,33794.25
2023-01,2023,01,Travel,91,91,70656.85,776.45,91,0,70656.85,0.0
2023-01,2023,01,Utilities,95,94,17784.23,187.2,95,0,17784.23,0.0
2023-02,2023,02,Dining,88,86,8087.44,91.9,88,0,8087.44,0.0
2023-02,2023,02,Education,62,62,55413.92,893.77,62,0,55413.92,0.0
2023-02,2023,02,Entertainment,91,91,9352.23,102.77,91,0,9352.23,0.0
2023-02,2023,02,Groceries,95,94,15171.69,159.7,95,0,15171.69,0.0
2023-02,2023,02,Healthcare,95,94,29848.33,314.19,95,0,29848.33,0.0
2023-02,2023,02,Shopping,78,78,16574.56,212.49,78,0,16574.56,0.0
2023-02,2023,02,Subscription,65,65,2021.31,31.1,65,0,2021.31,0.0
2023-02,2023,02,Transfer,83,82,97492.48,1174.61,55,28,63601.58,33890.9
2023-02,2023,02,Travel,79,79,53533.86,677.64,79,0,53533.86,0.0
2023-02,2023,02,Utilities,81,80,14267.41,176.14,81,0,14267.41,0.0
2023-03,2023,03,Dining,104,101,10344.27,99.46,104,0,10344.27,0.0
2023-03,2023,03,Education,103,103,89829.95,872.14,103,0,89829.95,0.0
2023-03,2023,03,Entertainment,93,93,10699.93,115.05,93,0,10699.93,0.0
2023-03,2023,03,Groceries,97,97,13660.35,140.83,97,0,13660.35,0.0
2023-03,2023,03,Healthcare,79,79,23773.38,300.93,79,0,23773.38,0.0
2023-03,2023,03,Shopping,105,105,25756.47,245.3,105,0,25756.47,0.0
2023-03,2023,03,Subscription,90,90,2411.84,26.8,90,0,2411.84,0.0
2023-03,2023,03,Transfer,111,111,129803.81,1169.4,83,28,95764.12,34039.69
2023-03,2023,03,Travel,82,80,59387.45,724.24,82,0,59387.45,0.0
2023-03,2023,03,Utilities,89,89,17293.6,194.31,89,0,17293.6,0.0
2023-04,2023,04,Dining,112,111,9154.19,81.73,112,0,9154.19,0.0
2023-04,2023,04,Education,108,107,97193.72,899.94,108,0,97193.72,0.0
2023-04,2023,04,Entertainment,90,89,10207.0,113.41,90,0,10207.0,0.0
2023-04,2023,04,Groceries,93,93,13858.36,149.01,93,0,13858.36,0.0
2023-04,2023,04,Healthcare,105,105,31622.05,301.16,105,0,31622.05,0.0
2023-04,2023,04,Shopping,70,70,16518.26,235.98,70,0,16518.26,0.0
2023-04,2023,04,Subscription,104,103,3157.6,30.36,104,0,3157.6,0.0
2023-04,2023,04,Transfer,101,100,119579.12,1183.95,73,28,86590.29,32988.83
2023-04,2023,04,Travel,103,102,74834.29,726.55,103,0,74834.29,0.0
2023-04,2023,04,Utilities,87,87,16682.68,191.75,87,0,16682.68,0.0
2023-05,2023,05,Dining,119,119,10415.76,87.53,119,0,10415.76,0.0
2023-05,2023,05,Education,118,118,105370.0,892.97,118,0,105370.0,0.0
2023-05,2023,05,Entertainment,97,97,11372.71,117.24,97,0,11372.71,0.0
2023-05,2023,05,Groceries,108,107,16564.38,153.37,108,0,16564.38,0.0
2023-05,2023,05,Healthcare,103,103,32173.75,312.37,103,0,32173.75,0.0
2023-05,2023,05,Shopping,99,98,22514.95,227.42,99,0,22514.95,0.0
2023-05,2023,05,Subscription,102,102,2928.71,28.71,102,0,2928.71,0.0
2023-05,2023,05,Transfer,98,97,117613.21,1200.13,67,31,80964.79,36648.42
2023-05,2023,05,Travel,81,81,58831.57,726.32,81,0,58831.57,0.0
2023-05,2023,05,Utilities,103,103,20747.42,201.43,103,0,20747.42,0.0
2023-06,2023,06,Dining,86,86,7582.95,88.17,86,0,7582.95,0.0
2023-06,2023,06,Education,77,76,68437.12,888.79,77,0,68437.12,0.0
2023-06,2023,06,Entertainment,97,97,11451.62,118.06,97,0,11451.62,0.0
2023-06,2023,06,Groceries,119,119,20052.58,168.51,119,0,20052.58,0.0
2023-06,2023,06,Healthcare,105,103,30537.83,290.84,105,0,30537.83,0.0
2023-06,2023,06,Shopping,110,110,25322.24,230.2,110,0,25322.24,0.0
2023-06,2023,06,Subscription,104,103,2959.37,28.46,104,0,2959.37,0.0
2023-06,2023,06,Transfer,109,109,122393.92,1122.88,85,24,97664.19,24729.73
2023-06,2023,06,Travel,106,106,71001.02,669.82,106,0,71001.02,0.0
2023-06,2023,06,Utilities,104,104,20026.92,192.57,104,0,20026.92,0.0
2023-07,2023,07,Dining,98,98,9202.41,93.9,98,0,9202.41,0.0
2023-07,2023,07,Education,117,116,98278.35,839.99,117,0,98278.35,0.0
2023-07,2023,07,Entertainment,103,103,12053.84,117.03,103,0,12053.84,0.0
2023-07,2023,07,Groceries,111,109,17648.09,158.99,111,0,17648.09,0.0
2023-07,2023,07,Healthcare,88,88,23791.98,270.36,88,0,23791.98,0.0
2023-07,2023,07,Shopping,106,105,24959.51,235.47,106,0,24959.51,0.0
2023-07,2023,07,Subscription,106,105,3264.19,30.79,106,0,3264.19,0.0
2023-07,2023,07,Transfer,91,90,101463.91,1114.99,64,27,71929.18,29534.73
2023-07,2023,07,Travel,105,105,76321.89,726.88,105,0,76321.89,0.0
2023-07,2023,07,Utilities,113,110,19890.18,176.02,113,0,19890.18,0.0
2023-08,2023,08,Dining,122,121,11802.96,96.75,122,0,11802.96,0.0
2023-08,2023,08,Education,115,114,99450.2,864.78,115,0,99450.2,0.0
2023-08,2023,08,Entertainment,115,115,13893.37,120.81,115,0,13893.37,0.0
2023-08,2023,08,Groceries,122,120,17859.98,146.39,122,0,17859.98,0.0
2023-08,2023,08,Healthcare,99,99,29356.08,296.53,99,0,29356.08,0.0
2023-08,2023,08,Shopping,105,105,24032.69,228.88,105,0,24032.69,0.0
2023-08,2023,08,Subscription,114,114,3429.99,30.09,114,0,3429.99,0.0
2023-08,2023,08,Transfer,104,104,119609.82,1150.09,74,30,84130.43,35479.39
2023-08,2023,08,Travel,117,117,86963.16,743.27,117,0,86963.16,0.0
2023-08,2023,08,Utilities,116,112,21632.58,186.49,116,0,21632.58,0.0
2023-09,2023,09,Dining,116,116,10330.82,89.06,116,0,10330.82,0.0
2023-09,2023,09,Education,117,115,87124.91,744.66,117,0,87124.91,0.0
2023-09,2023,09,Entertainment,121,120,14114.29,116.65,121,0,14114.29,0.0
2023-09,2023,09,Groceries,106,106,13979.58,131.88,106,0,13979.58,0.0
2023-09,2023,09,Healthcare,132,132,42577.1,322.55,132,0,42577.1,0.0
2023-09,2023,09,Shopping,113,112,28605.47,253.15,113,0,28605.47,0.0
2023-09,2023,09,Subscription,125,121,4289.03,34.31,125,0,4289.03,0.0
2023-09,2023,09,Transfer,126,124,148911.48,1181.84,95,31,111695.63,37215.85
2023-09,2023,09,Travel,129,129,95223.64,738.17,129,0,95223.64,0.0
2023-09,2023,09,Utilities,117,116,19549.43,167.09,117,0,19549.43,0.0
2023-10,2023,10,Dining,140,139,12628.7,90.2,140,0,12628.7,0.0
2023-10,2023,10,Education,117,114,104138.23,890.07,117,0,104138.23,0.0
2023-10,2023,10,Entertainment,119,119,14282.18,120.02,119,0,14282.18,0.0
2023-10,2023,10,Groceries,133,131,20074.99,150.94,133,0,20074.99,0.0
2023-10,2023,10,Healthcare,110,110,35462.94,322.39,110,0,35462.94,0.0
2023-10,2023,10,Shopping,137,135,32208.27,235.1,137,0,32208.27,0.0
2023-10,2023,10,Subscription,104,104,3284.33,31.58,104,0,3284.33,0.0
2023-10,2023,10,Transfer,101,100,125444.43,1242.02,70,31,81895.75,43548.68
2023-10,2023,10,Travel,120,119,81480.47,679.0,120,0,81480.47,0.0
2023-10,2023,10,Utilities,123,122,24438.89,198.69,123,0,24438.89,0.0
2023-11,2023,11,Dining,137,137,12792.79,93.38,137,0,12792.79,0.0
2023-11,2023,11,Education,114,114,92945.88,815.31,114,0,92945.88,0.0
2023-11,2023,11,Entertainment,103,103,12198.73,118.43,103,0,12198.73,0.0
2023-11,2023,11,Groceries,130,129,18792.54,144.56,130,0,18792.54,0.0
2023-11,2023,11,Healthcare,107,107,32490.25,303.65,107,0,32490.25,0.0
2023-11,2023,11,Shopping,122,121,25730.19,210.9,122,0,25730.19,0.0
2023-11,2023,11,Subscription,140,139,4458.59,31.85,140,0,4458.59,0.0
2023-11,2023,11,Transfer,110,110,120466.97,1095.15,86,24,93148.86,27318.11
2023-11,2023,11,Travel,95,95,72250.58,760.53,95,0,72250.58,0.0
2023-11,2023,11,Utilities,132,132,25047.48,189.75,132,0,25047.48,0.0
2023-12,2023,12,Dining,134,134,12090.8,90.23,134,0,12090.8,0.0
2023-12,2023,12,Education,124,124,109425.2,882.46,124,0,109425.2,0.0
2023-12,2023,12,Entertainment,128,127,15533.5,121.36,128,0,15533.5,0.0
2023-12,2023,12,Groceries,123,122,19741.66,160.5,123,0,19741.66,0.0
2023-12,2023,12,Healthcare,133,130,39294.3,295.45,133,0,39294.3,0.0
2023-12,2023,12,Shopping,133,132,30444.03,228.9,133,0,30444.03,0.0
2023-12,2023,12,Subscription,102,101,2987.8,29.29,102,0,2987.8,0.0
2023-12,2023,12,Transfer,138,138,164012.92,1188.5,90,48,101446.58,62566.34
2023-12,2023,12,Travel,113,113,81249.59,719.02,113,0,81249.59,0.0
2023-12,2023,12,Utilities,147,146,28749.78,195.58,147,0,28749.78,0.0
2024-01,2024,01,Dining,127,126,10859.78,85.51,127,0,10859.78,0.0
2024-01,2024,01,Education,128,128,115526.69,902.55,128,0,115526.69,0.0
2024-01,2024,01,Entertainment,119,117,14142.36,118.84,119,0,14142.36,0.0
2024-01,2024,01,Groceries,113,113,17885.52,158.28,113,0,17885.52,0.0
2024-01,2024,01,Healthcare,113,111,34793.83,307.91,113,0,34793.83,0.0
2024-01,2024,01,Shopping,133,133,34727.4,261.11,133,0,34727.4,0.0
2024-01,2024,01,Subscription,134,133,4259.62,31.79,134,0,4259.62,0.0
2024-01,2024,01,Transfer,136,136,160056.82,1176.89,95,41,108814.78,51242.04
2024-01,2024,01,Travel,135,134,93235.07,690.63,135,0,93235.07,0.0
2024-01,2024,01,Utilities,143,142,27699.06,193.7,143,0,27699.06,0.0
2024-02,2024,02,Dining,143,143,12531.13,87.63,143,0,12531.13,0.0
2024-02,2024,02,Education,134,134,107797.68,804.46,134,0,107797.68,0.0
2024-02,2024,02,Entertainment,115,115,14021.03,121.92,115,0,14021.03,0.0
2024-02,2024,02,Groceries,128,125,19938.07,155.77,128,0,19938.07,0.0
2024-02,2024,02,Healthcare,130,129,40032.8,307.94,130,0,40032.8,0.0
2024-02,2024,02,Shopping,144,143,32927.42,228.66,144,0,32927.42,0.0
2024-02,2024,02,Subscription,137,136,4180.26,30.51,137,0,4180.26,0.0
2024-02,2024,02,Transfer,123,122,134845.41,1096.3,92,31,101895.68,32949.73
2024-02,2024,02,Travel,122,120,83365.56,683.32,122,0,83365.56,0.0
2024-02,2024,02,Utilities,105,105,22095.83,210.44,105,0,22095.83,0.0
2024-03,2024,03,Dining,137,137,11682.06,85.27,137,0,11682.06,0.0
2024-03,2024,03,Education,139,139,121237.64,872.21,139,0,121237.64,0.0
2024-03,2024,03,Entertainment,128,128,14319.45,111.87,128,0,14319.45,0.0
2024-03,2024,03,Groceries,136,134,19654.67,144.52,136,0,19654.67,0.0
2024-03,2024,03,Healthcare,130,129,39574.03,304.42,130,0,39574.03,0.0
2024-03,2024,03,Shopping,125,125,30933.89,247.47,125,0,30933.89,0.0
2024-03,2024,03,Subscription,139,139,4278.79,30.78,139,0,4278.79,0.0
2024-03,2024,03,Transfer,127,125,152324.9,1199.41,83,44,93332.32,58992.58
2024-03,2024,03,Travel,129,129,94207.03,730.29,129,0,94207.03,0.0
2024-03,2024,03,Utilities,160,160,29386.5,183.67,160,0,29386.5,0.0
2024-04,2024,04,Dining,129,129,12134.66,94.07,129,0,12134.66,0.0
2024-04,2024,04,Education,129,126,115693.77,896.85,129,0,115693.77,0.0
2024-04,2024,04,Entertainment,141,141,16686.8,118.35,141,0,16686.8,0.0
2024-04,2024,04,Groceries,144,143,21292.26,147.86,144,0,21292.26,0.0
2024-04,2024,04,Healthcare,149,147,42632.94,286.13,149,0,42632.94,0.0
2024-04,2024,04,Shopping,117,117,28183.47,240.88,117,0,28183.47,0.0
2024-04,2024,04,Subscription,152,152,4685.87,30.83,152,0,4685.87,0.0
2024-04,2024,04,Transfer,138,138,171355.95,1241.71,94,44,120957.46,50398.49
2024-04,2024,04,Travel,144,144,100776.79,699.84,144,0,100776.79,0.0
2024-04,2024,04,Utilities,143,143,28441.25,198.89,143,0,28441.25,0.0
2024-05,2024,05,Dining,134,131,12499.21,93.28,134,0,12499.21,0.0
2024-05,2024,05,Education,158,158,136460.63,863.67,158,0,136460.63,0.0
2024-05,2024,05,Entertainment,124,124,14981.69,120.82,124,0,14981.69,0.0
2024-05,2024,05,Groceries,133,131,19781.58,148.73,133,0,19781.58,0.0
2024-05,2024,05,Healthcare,148,147,43885.95,296.53,148,0,43885.95,0.0
2024-05,2024,05,Shopping,153,148,37444.1,244.73,153,0,37444.1,0.0
2024-05,2024,05,Subscription,140,140,4415.3,31.54,140,0,4415.3,0.0
2024-05,2024,05,Transfer,142,139,152448.22,1073.58,106,36,111904.47,40543.75
2024-05,2024,05,Travel,167,167,121254.95,726.08,167,0,121254.95,0.0
2024-05,2024,05,Utilities,158,158,31965.13,202.31,158,0,31965.13,0.0
2024-06,2024,06,Dining,149,149,13464.83,90.37,149,0,13464.83,0.0
2024-06,2024,06,Education,149,148,128827.97,864.62,149,0,128827.97,0.0
2024-06,2024,06,Entertainment,157,154,18073.62,115.12,157,0,18073.62,0.0
2024-06,2024,06,Groceries,145,144,23573.35,162.57,145,0,23573.35,0.0
2024-06,2024,06,Healthcare,157,156,50212.0,319.82,157,0,50212.0,0.0
2024-06,2024,06,Shopping,141,141,36367.36,257.92,141,0,36367.36,0.0
2024-06,2024,06,Subscription,144,144,4482.73,31.13,144,0,4482.73,0.0
2024-06,2024,06,Transfer,150,149,176026.46,1173.51,105,45,121470.05,54556.41
2024-06,2024,06,Travel,142,140,99126.97,698.08,142,0,99126.97,0.0
2024-06,2024,06,Utilities,156,154,31749.94,203.53,156,0,31749.94,0.0
2024-07,2024,07,Dining,159,159,14403.18,90.59,159,0,14403.18,0.0
2024-07,2024,07,Education,128,128,120136.49,938.57,128,0,120136.49,0.0
2024-07,2024,07,Entertainment,179,178,21530.84,120.28,179,0,21530.84,0.0
2024-07,2024,07,Groceries,151,150,22736.03,150.57,151,0,22736.03,0.0
2024-07,2024,07,Healthcare,169,168,51884.34,307.01,169,0,51884.34,0.0
2024-07,2024,07,Shopping,147,147,34882.0,237.29,147,0,34882.0,0.0
2024-07,2024,07,Subscription,148,148,4655.4,31.46,148,0,4655.4,0.0
2024-07,2024,07,Transfer,173,170,191906.89,1109.29,126,47,136791.37,55115.52
2024-07,2024,07,Travel,143,143,101778.29,711.74,143,0,101778.29,0.0
2024-07,2024,07,Utilities,161,160,30656.19,190.41,161,0,30656.19,0.0
2024-08,2024,08,Dining,165,163,15995.97,96.95,165,0,15995.97,0.0
2024-08,2024,08,Education,147,145,128197.06,872.09,147,0,128197.06,0.0
2024-08,2024,08,Entertainment,173,173,22078.11,127.62,173,0,22078.11,0.0
2024-08,2024,08,Groceries,180,179,26540.18,147.45,180,0,26540.18,0.0
2024-08,2024,08,Healthcare,165,164,48312.0,292.8,165,0,48312.0,0.0
2024-08,2024,08,Shopping,172,170,39305.49,228.52,172,0,39305.49,0.0
2024-08,2024,08,Subscription,187,185,5609.33,30.0,187,0,5609.33,0.0
2024-08,2024,08,Transfer,161,161,178716.68,1110.04,116,45,129993.18,48723.5
2024-08,2024,08,Travel,174,171,131908.07,758.09,174,0,131908.07,0.0
2024-08,2024,08,Utilities,159,159,30750.41,193.4,159,0,30750.41,0.0
2024-09,2024,09,Dining,164,163,15427.24,94.07,164,0,15427.24,0.0
2024-09,2024,09,Education,191,189,161623.09,846.19,191,0,161623.09,0.0
2024-09,2024,09,Entertainment,159,158,18941.85,119.13,159,0,18941.85,0.0
2024-09,2024,09,Groceries,168,166,25620.78,152.5,168,0,25620.78,0.0
2024-09,2024,09,Healthcare,169,167,48935.5,289.56,169,0,48935.5,0.0
2024-09,2024,09,Shopping,172,172,41345.86,240.38,172,0,41345.86,0.0
2024-09,2024,09,Subscription,166,162,5073.27,30.56,166,0,5073.27,0.0
2024-09,2024,09,Transfer,162,161,191271.12,1180.69,114,48,131682.41,59588.71
2024-09,2024,09,Travel,159,159,117162.54,736.87,159,0,117162.54,0.0
2024-09,2024,09,Utilities,166,166,32123.97,193.52,166,0,32123.97,0.0
2024-10,2024,10,Dining,159,155,14675.14,92.3,159,0,14675.14,0.0
2024-10,2024,10,Education,187,183,163290.14,873.21,187,0,163290.14,0.0
2024-10,2024,10,Entertainment,177,177,21610.81,122.09,177,0,21610.81,0.0
2024-10,2024,10,Groceries,175,173,25856.31,147.75,175,0,25856.31,0.0
2024-10,2024,10,Healthcare,171,170,51586.36,301.67,171,0,51586.36,0.0
2024-10,2024,10,Shopping,155,150,32538.24,209.92,155,0,32538.24,0.0
2024-10,2024,10,Subscription,176,174,5687.91,32.32,176,0,5687.91,0.0
2024-10,2024,10,Transfer,193,191,237020.75,1228.09,133,60,162780.33,74240.42
2024-10,2024,10,Travel,165,164,116014.63,703.12,165,0,116014.63,0.0
2024-10,2024,10,Utilities,185,180,35055.59,189.49,185,0,35055.59,0.0
2024-11,2024,11,Dining,161,160,15716.76,97.62,161,0,15716.76,0.0
2024-11,2024,11,Education,177,174,148032.19,836.34,177,0,148032.19,0.0
2024-11,2024,11,Entertainment,173,172,21170.94,122.38,173,0,21170.94,0.0
2024-11,2024,11,Groceries,175,173,25532.88,145.9,175,0,25532.88,0.0
2024-11,2024,11,Healthcare,184,183,58284.51,316.76,184,0,58284.51,0.0
2024-11,2024,11,Shopping,155,154,38332.04,247.3,155,0,38332.04,0.0
2024-11,2024,11,Subscription,155,155,4562.66,29.44,155,0,4562.66,0.0
2024-11,2024,11,Transfer,172,170,202799.96,1179.07,123,49,144721.82,58078.14
2024-11,2024,11,Travel,172,169,131324.39,763.51,172,0,131324.39,0.0
2024-11,2024,11,Utilities,205,204,38683.32,188.7,205,0,38683.32,0.0
2024-12,2024,12,Dining,184,182,15941.83,86.64,184,0,15941.83,0.0
2024-12,2024,12,Education,196,195,168152.3,857.92,196,0,168152.3,0.0
2024-12,2024,12,Entertainment,194,193,22452.11,115.73,194,0,22452.11,0.0
2024-12,2024,12,Groceries,186,182,27944.04,150.24,186,0,27944.04,0.0
2024-12,2024,12,Healthcare,200,200,61904.62,309.52,200,0,61904.62,0.0
2024-12,2024,12,Shopping,190,189,47727.79,251.2,190,0,47727.79,0.0
2024-12,2024,12,Subscription,207,206,6566.49,31.72,207,0,6566.49,0.0
2024-12,2024,12,Transfer,217,215,253347.79,1167.5,155,62,182595.79,70752.0
2024-12,2024,12,Travel,193,193,144815.98,750.34,193,0,144815.98,0.0
2024-12,2024,12,Utilities,194,194,37764.03,194.66,194,0,37764.03,0.0
2025-01,2025,01,Dining,189,187,17162.09,90.8,189,0,17162.09,0.0
2025-01,2025,01,Education,206,202,179617.23,871.93,206,0,179617.23,0.0
2025-01,2025,01,Entertainment,195,193,23003.34,117.97,195,0,23003.34,0.0
2025-01,2025,01,Groceries,206,204,33163.45,160.99,206,0,33163.45,0.0
2025-01,2025,01,Healthcare,170,170,50929.6,299.59,170,0,50929.6,0.0
2025-01,2025,01,Shopping,179,179,42199.36,235.75,179,0,42199.36,0.0
2025-01,2025,01,Subscription,184,183,5747.42,31.24,184,0,5747.42,0.0
2025-01,2025,01,Transfer,208,207,249277.99,1198.45,154,54,179885.04,69392.95
2025-01,2025,01,Travel,200,194,157920.16,789.6,200,0,157920.16,0.0
2025-01,2025,01,Utilities,174,171,31355.77,180.21,174,0,31355.77,0.0
2025-02,2025,02,Dining,171,170,16189.71,94.68,171,0,16189.71,0.0
2025-02,2025,02,Education,162,161,130695.65,806.76,162,0,130695.65,0.0
2025-02,2025,02,Entertainment,171,168,19732.11,115.39,171,0,19732.11,0.0
2025-02,2025,02,Groceries,156,155,23138.53,148.32,156,0,23138.53,0.0
2025-02,2025,02,Healthcare,161,161,50136.55,311.41,161,0,50136.55,0.0
2025-02,2025,02,Shopping,168,163,42015.6,250.09,168,0,42015.6,0.0
2025-02,2025,02,Subscription,168,166,5042.98,30.02,168,0,5042.98,0.0
2025-02,2025,02,Transfer,155,154,179164.04,1155.9,110,45,126155.04,53009.0
2025-02,2025,02,Travel,182,180,131012.19,719.85,182,0,131012.19,0.0
2025-02,2025,02,Utilities,147,147,27384.25,186.29,147,0,27384.25,0.0
2025-03,2025,03,Dining,176,173,17716.86,100.66,176,0,17716.86,0.0
2025-03,2025,03,Education,203,200,176406.77,869.0,203,0,176406.77,0.0
2025-03,2025,03,Entertainment,204,199,25266.82,123.86,204,0,25266.82,0.0
2025-03,2025,03,Groceries,188,186,27082.4,144.06,188,0,27082.4,0.0
2025-03,2025,03,Healthcare,180,179,54842.86,304.68,180,0,54842.86,0.0
2025-03,2025,03,Shopping,193,192,45913.22,237.89,193,0,45913.22,0.0
2025-03,2025,03,Subscription,209,206,6662.39,31.88,209,0,6662.39,0.0
2025-03,2025,03,Transfer,181,180,212111.6,1171.89,129,52,150165.83,61945.77
2025-03,2025,03,Travel,176,175,127687.87,725.5,176,0,127687.87,0.0
2025-03,2025,03,Utilities,193,192,35424.41,183.55,193,0,35424.41,0.0
2025-04,2025,04,Dining,199,197,18254.1,91.73,199,0,18254.1,0.0
2025-04,2025,04,Education,192,192,173222.5,902.2,192,0,173222.5,0.0
2025-04,2025,04,Entertainment,195,195,24059.92,123.38,195,0,24059.92,0.0
2025-04,2025,04,Groceries,183,180,28097.19,153.54,183,0,28097.19,0.0
2025-04,2025,04,Healthcare,195,194,60810.54,311.85,195,0,60810.54,0.0
2025-04,2025,04,Shopping,181,180,44120.44,243.76,181,0,44120.44,0.0
2025-04,2025,04,Subscription,197,193,5968.85,30.3,197,0,5968.85,0.0
2025-04,2025,04,Transfer,173,173,209350.46,1210.12,114,59,141191.5,68158.96
2025-04,2025,04,Travel,175,173,120059.57,686.05,175,0,120059.57,0.0
2025-04,2025,04,Utilities,178,177,35904.25,201.71,178,0,35904.25,0.0
2025-05,2025,05,Dining,188,185,16692.39,88.79,188,0,16692.39,0.0
2025-05,2025,05,Education,183,181,156671.36,856.13,183,0,156671.36,0.0
2025-05,2025,05,Entertainment,175,174,20511.22,117.21,175,0,20511.22,0.0
2025-05,2025,05,Groceries,195,194,29980.39,153.75,195,0,29980.39,0.0
2025-05,2025,05,Healthcare,204,203,54602.73,267.66,204,0,54602.73,0.0
2025-05,2025,05,Shopping,175,174,38965.59,222.66,175,0,38965.59,0.0
2025-05,2025,05,Subscription,169,169,5226.71,30.93,169,0,5226.71,0.0
2025-05,2025,05,Transfer,200,199,227268.77,1136.34,132,68,146906.22,80362.55
2025-05,2025,05,Travel,219,219,162854.53,743.63,219,0,162854.53,0.0
2025-05,2025,05,Utilities,173,169,31639.86,182.89,173,0,31639.86,0.0
2025-06,2025,06,Dining,200,198,18336.19,91.68,200,0,18336.19,0.0
2025-06,2025,06,Education,176,176,144730.93,822.33,176,0,144730.93,0.0
2025-06,2025,06,Entertainment,172,171,19365.97,112.59,172,0,19365.97,0.0
2025-06,2025,06,Groceries,197,195,28140.1,142.84,197,0,28140.1,0.0
2025-06,2025,06,Healthcare,174,174,51776.29,297.56,174,0,51776.29,0.0
2025-06,2025,06,Shopping,180,177,44079.63,244.89,180,0,44079.63,0.0
2025-06,2025,06,Subscription,170,169,5562.66,32.72,170,0,5562.66,0.0
2025-06,2025,06,Transfer,199,199,235482.73,1183.33,128,71,151059.01,84423.72
2025-06,2025,06,Travel,196,195,146976.5,749.88,196,0,146976.5,0.0
2025-06,2025,06,Utilities,190,189,37310.48,196.37,190,0,37310.48,0.0
2025-07,2025,07,Dining,212,211,20928.47,98.72,212,0,20928.47,0.0
2025-07,2025,07,Education,186,185,167176.4,898.8,186,0,167176.4,0.0
2025-07,2025,07,Entertainment,200,198,25593.78,127.97,200,0,25593.78,0.0
2025-07,2025,07,Groceries,178,177,27668.09,155.44,178,0,27668.09,0.0
2025-07,2025,07,Healthcare,183,182,53025.92,289.76,183,0,53025.92,0.0
2025-07,2025,07,Shopping,162,159,40323.97,248.91,162,0,40323.97,0.0
2025-07,2025,07,Subscription,216,214,6491.8,30.05,216,0,6491.8,0.0
2025-07,2025,07,Transfer,204,201,231779.01,1136.17,139,65,165508.86,66270.15
2025-07,2025,07,Travel,201,200,151139.68,751.94,201,0,151139.68,0.0
2025-07,2025,07,Utilities,196,193,35987.21,183.61,196,0,35987.21,0.0
2025-08,2025,08,Dining,217,215,21066.71,97.08,217,0,21066.71,0.0
2025-08,2025,08,Education,193,193,159467.89,826.26,193,0,159467.89,0.0
2025-08,2025,08,Entertainment,193,190,21255.52,110.13,193,0,21255.52,0.0
2025-08,2025,08,Groceries,193,193,29985.41,155.36,193,0,29985.41,0.0
2025-08,2025,08,Healthcare,212,209,60499.18,285.37,212,0,60499.18,0.0
2025-08,2025,08,Shopping,200,199,47595.55,237.98,200,0,47595.55,0.0
2025-08,2025,08,Subscription,190,189,5720.2,30.11,190,0,5720.2,0.0
2025-08,2025,08,Transfer,202,202,233385.94,1155.38,141,61,165548.09,67837.85
2025-08,2025,08,Travel,187,185,141147.29,754.8,187,0,141147.29,0.0
2025-08,2025,08,Utilities,163,159,29940.35,183.68,163,0,29940.35,0.0
2025-09,2025,09,Dining,197,197,17694.14,89.82,197,0,17694.14,0.0
2025-09,2025,09,Education,169,167,141027.46,834.48,169,0,141027.46,0.0
2025-09,2025,09,Entertainment,174,172,20516.24,117.91,174,0,20516.24,0.0
2025-09,2025,09,Groceries,177,176,26750.12,151.13,177,0,26750.12,0.0
2025-09,2025,09,Healthcare,187,185,56237.45,300.74,187,0,56237.45,0.0
2025-09,2025,09,Shopping,170,165,40938.86,240.82,170,0,40938.86,0.0
2025-09,2025,09,Subscription,186,185,5511.12,29.63,186,0,5511.12,0.0
2025-09,2025,09,Transfer,177,175,210879.46,1191.41,119,58,137859.68,73019.78
2025-09,2025,09,Travel,196,194,139916.54,713.86,196,0,139916.54,0.0
2025-09,2025,09,Utilities,196,194,36478.24,186.11,196,0,36478.24,0.0
2025-10,2025,10,Dining,191,190,17494.69,91.6,191,0,17494.69,0.0
2025-10,2025,10,Education,195,193,167661.11,859.8,195,0,167661.11,0.0
2025-10,2025,10,Entertainment,213,212,24146.04,113.36,213,0,24146.04,0.0
2025-10,2025,10,Groceries,175,174,26396.85,150.84,175,0,26396.85,0.0
2025-10,2025,10,Healthcare,195,193,58878.21,301.94,195,0,58878.21,0.0
2025-10,2025,10,Shopping,195,194,48578.34,249.12,195,0,48578.34,0.0
2025-10,2025,10,Subscription,173,172,5050.59,29.19,173,0,5050.59,0.0
2025-10,2025,10,Transfer,194,192,226792.77,1169.03,138,56,163587.66,63205.11
2025-10,2025,10,Travel,192,192,149063.71,776.37,192,0,149063.71,0.0
2025-10,2025,10,Utilities,164,162,31063.89,189.41,164,0,31063.89,0.0
2025-11,2025,11,Dining,184,183,16236.91,88.24,184,0,16236.91,0.0
2025-11,2025,11,Education,200,199,183459.93,917.3,200,0,183459.93,0.0
2025-11,2025,11,Entertainment,164,163,20283.4,123.68,164,0,20283.4,0.0
2025-11,2025,11,Groceries,177,176,29011.5,163.91,177,0,29011.5,0.0
2025-11,2025,11,Healthcare,197,196,59384.7,301.45,197,0,59384.7,0.0
2025-11,2025,11,Shopping,178,177,41726.29,234.42,178,0,41726.29,0.0
2025-11,2025,11,Subscription,191,189,6197.27,32.45,191,0,6197.27,0.0
2025-11,2025,11,Transfer,188,188,214191.0,1139.31,132,56,150630.53,63560.47
2025-11,2025,11,Travel,184,182,123113.58,669.1,184,0,123113.58,0.0
2025-11,2025,11,Utilities,199,197,40288.25,202.45,199,0,40288.25,0.0
2025-12,2025,12,Dining,185,184,16358.44,88.42,185,0,16358.44,0.0
2025-12,2025,12,Education,176,175,151623.97,861.5,176,0,151623.97,0.0
2025-12,2025,12,Entertainment,215,215,24463.65,113.78,215,0,24463.65,0.0
2025-12,2025,12,Groceries,176,175,27842.51,158.2,176,0,27842.51,0.0
2025-12,2025,12,Healthcare,203,200,60589.62,298.47,203,0,60589.62,0.0
2025-12,2025,12,Shopping,163,162,35509.66,217.85,163,0,35509.66,0.0
2025-12,2025,12,Subscription,195,194,5900.39,30.26,195,0,5900.39,0.0
2025-12,2025,12,Transfer,189,188,218169.8,1154.34,109,80,117917.78,100252.02
2025-12,2025,12,Travel,189,188,128223.92,678.43,189,0,128223.92,0.0
2025-12,2025,12,Utilities,186,186,34858.8,187.41,186,0,34858.8,0.0
